source_id,source_dataset,source_queue,source_type,source_priority,subject_es,body_es,texto,expected_area,expected_intent,expected_urgency,expected_human,expected_security_legal,expected_refund,expected_actionability,expected_technical_repro,expected_route,curation_note,evaluation_split
hf-row-001753,Tobi-Bueck/customer-support-tickets,Billing and Payments,Problem,medium,Cobro duplicado en una factura,La factura muestra dos cargos idénticos y solicito la devolución del cobro repetido antes de continuar.,"Cobro duplicado en una factura
La factura muestra dos cargos idénticos y solicito la devolución del cobro repetido antes de continuar.",pagos,reclamo,high,False,False,True,standard_action,False,accept,Traducción/adaptación manual al español; subject/body originales omitidos; gold rubricado con ticket-rubric-v1.,dev
hf-row-010635,Tobi-Bueck/customer-support-tickets,Customer Service,Request,low,Información sobre el proceso de atención,Quiero entender cómo se sigue una solicitud después de presentarla.,"Información sobre el proceso de atención
Quiero entender cómo se sigue una solicitud después de presentarla.",atencion_cliente,consulta,low,False,False,False,standard_action,False,accept,Traducción/adaptación manual al español; subject/body originales omitidos; gold rubricado con ticket-rubric-v1.,dev
hf-row-011564,Tobi-Bueck/customer-support-tickets,General Inquiry,Request,low,Consulta sobre una opción de análisis,Necesito información sobre una opción de análisis sin solicitar un cambio.,"Consulta sobre una opción de análisis
Necesito información sobre una opción de análisis sin solicitar un cambio.",otro,consulta,low,False,False,False,standard_action,False,accept,Traducción/adaptación manual al español; subject/body originales omitidos; gold rubricado con ticket-rubric-v1.,dev
hf-row-015427,Tobi-Bueck/customer-support-tickets,Human Resources,Incident,low,Consulta sobre documentación de incorporación,¿Qué documentación necesito para consultar una etapa de incorporación?,"Consulta sobre documentación de incorporación
¿Qué documentación necesito para consultar una etapa de incorporación?",rrhh,consulta,low,True,False,False,clarification,False,review,Traducción/adaptación manual al español; subject/body originales omitidos; gold rubricado con ticket-rubric-v1.,dev
hf-row-007059,Tobi-Bueck/customer-support-tickets,IT Support,Incident,high,No puedo acceder al sistema,El acceso al sistema falla y necesito restablecer la disponibilidad para trabajar.,"No puedo acceder al sistema
El acceso al sistema falla y necesito restablecer la disponibilidad para trabajar.",tecnologia,incidencia,high,False,False,False,standard_action,True,review,Traducción/adaptación manual al español; subject/body originales omitidos; gold rubricado con ticket-rubric-v1.,dev
hf-row-019949,Tobi-Bueck/customer-support-tickets,Product Support,Incident,medium,Una función no responde,Una función del producto no responde después de completar los pasos indicados.,"Una función no responde
Una función del producto no responde después de completar los pasos indicados.",tecnologia,incidencia,medium,False,False,False,standard_action,True,accept,Traducción/adaptación manual al español; subject/body originales omitidos; gold rubricado con ticket-rubric-v1.,dev
hf-row-018816,Tobi-Bueck/customer-support-tickets,Returns and Exchanges,Incident,medium,Solicito devolución de un pedido,Pido la devolución de un pedido y la devolución del importe correspondiente.,"Solicito devolución de un pedido
Pido la devolución de un pedido y la devolución del importe correspondiente.",logistica,solicitud,medium,False,False,True,standard_action,False,accept,Traducción/adaptación manual al español; subject/body originales omitidos; gold rubricado con ticket-rubric-v1.,dev
hf-row-008151,Tobi-Bueck/customer-support-tickets,Sales and Pre-Sales,Incident,high,Solicito una cotización actualizada,Pido una cotización actualizada antes de confirmar una compra.,"Solicito una cotización actualizada
Pido una cotización actualizada antes de confirmar una compra.",ventas,solicitud,low,False,False,False,standard_action,False,accept,Traducción/adaptación manual al español; subject/body originales omitidos; gold rubricado con ticket-rubric-v1.,dev
hf-row-009082,Tobi-Bueck/customer-support-tickets,Service Outages and Maintenance,Incident,medium,Interrupción general del servicio,El servicio se interrumpió para varios usuarios y necesito una resolución hoy.,"Interrupción general del servicio
El servicio se interrumpió para varios usuarios y necesito una resolución hoy.",tecnologia,incidencia,high,True,False,False,immediate_action,False,review,Traducción/adaptación manual al español; subject/body originales omitidos; gold rubricado con ticket-rubric-v1.,dev
hf-row-008694,Tobi-Bueck/customer-support-tickets,Technical Support,Incident,medium,Integración devuelve un error,Una integración devuelve un error después de completar la acción.,"Integración devuelve un error
Una integración devuelve un error después de completar la acción.",tecnologia,incidencia,high,False,False,False,immediate_action,True,review,Traducción/adaptación manual al español; subject/body originales omitidos; gold rubricado con ticket-rubric-v1.,dev
hf-row-012247,Tobi-Bueck/customer-support-tickets,Billing and Payments,Incident,medium,Consulta sobre el desglose de una factura,No entiendo un concepto del comprobante y necesito una explicación de sus partes.,"Consulta sobre el desglose de una factura
No entiendo un concepto del comprobante y necesito una explicación de sus partes.",pagos,consulta,low,False,False,False,standard_action,False,accept,Traducción/adaptación manual al español; subject/body originales omitidos; gold rubricado con ticket-rubric-v1.,dev
hf-row-008234,Tobi-Bueck/customer-support-tickets,Customer Service,Incident,medium,Seguimiento de una solicitud,Solicito una actualización sobre una solicitud que ya fue registrada.,"Seguimiento de una solicitud
Solicito una actualización sobre una solicitud que ya fue registrada.",atencion_cliente,solicitud,medium,False,False,False,standard_action,False,accept,Traducción/adaptación manual al español; subject/body originales omitidos; gold rubricado con ticket-rubric-v1.,dev
hf-row-003225,Tobi-Bueck/customer-support-tickets,General Inquiry,Change,low,Solicitud de información sobre documentación,Pido orientación sobre qué documentación explica el siguiente paso.,"Solicitud de información sobre documentación
Pido orientación sobre qué documentación explica el siguiente paso.",otro,consulta,low,True,False,False,clarification,False,review,Traducción/adaptación manual al español; subject/body originales omitidos; gold rubricado con ticket-rubric-v1.,dev
hf-row-011332,Tobi-Bueck/customer-support-tickets,Human Resources,Request,medium,Proceso de contratación,Tengo una consulta sobre el proceso de contratación y necesito confirmar el siguiente paso.,"Proceso de contratación
Tengo una consulta sobre el proceso de contratación y necesito confirmar el siguiente paso.",rrhh,solicitud,medium,True,False,False,clarification,False,review,Traducción/adaptación manual al español; subject/body originales omitidos; gold rubricado con ticket-rubric-v1.,dev
hf-row-001666,Tobi-Bueck/customer-support-tickets,IT Support,Problem,high,Error reproducible al iniciar sesión,Al iniciar sesión aparece un error después de introducir los campos del formulario.,"Error reproducible al iniciar sesión
Al iniciar sesión aparece un error después de introducir los campos del formulario.",tecnologia,incidencia,high,False,False,False,standard_action,True,review,Traducción/adaptación manual al español; subject/body originales omitidos; gold rubricado con ticket-rubric-v1.,dev
hf-row-019360,Tobi-Bueck/customer-support-tickets,Product Support,Incident,low,Compatibilidad de una integración,Pregunto si una integración es compatible antes de configurar el flujo.,"Compatibilidad de una integración
Pregunto si una integración es compatible antes de configurar el flujo.",tecnologia,consulta,medium,False,False,False,standard_action,False,accept,Traducción/adaptación manual al español; subject/body originales omitidos; gold rubricado con ticket-rubric-v1.,dev
hf-row-001867,Tobi-Bueck/customer-support-tickets,Returns and Exchanges,Change,medium,Producto llegó dañado,El producto llegó dañado y solicito una revisión antes de aceptar el reemplazo.,"Producto llegó dañado
El producto llegó dañado y solicito una revisión antes de aceptar el reemplazo.",logistica,reclamo,high,True,False,True,immediate_action,False,review,Traducción/adaptación manual al español; subject/body originales omitidos; gold rubricado con ticket-rubric-v1.,dev
hf-row-013639,Tobi-Bueck/customer-support-tickets,Sales and Pre-Sales,Request,high,Consulta sobre el precio de una promoción,¿Cuál es el precio vigente de una promoción?,"Consulta sobre el precio de una promoción
¿Cuál es el precio vigente de una promoción?",ventas,consulta,low,False,False,False,standard_action,False,accept,Traducción/adaptación manual al español; subject/body originales omitidos; gold rubricado con ticket-rubric-v1.,dev
hf-row-007519,Tobi-Bueck/customer-support-tickets,Service Outages and Maintenance,Incident,high,Mantenimiento programado,Recibí un aviso de mantenimiento y quiero confirmar el horario de la actualización.,"Mantenimiento programado
Recibí un aviso de mantenimiento y quiero confirmar el horario de la actualización.",atencion_cliente,consulta,low,False,False,False,standard_action,False,accept,Traducción/adaptación manual al español; subject/body originales omitidos; gold rubricado con ticket-rubric-v1.,dev
hf-row-006566,Tobi-Bueck/customer-support-tickets,Technical Support,Incident,low,Pasos para reproducir un fallo,Comparto los pasos que reproducen un fallo de la aplicación.,"Pasos para reproducir un fallo
Comparto los pasos que reproducen un fallo de la aplicación.",tecnologia,incidencia,medium,False,False,False,standard_action,True,accept,Traducción/adaptación manual al español; subject/body originales omitidos; gold rubricado con ticket-rubric-v1.,dev
hf-row-009192,Tobi-Bueck/customer-support-tickets,Billing and Payments,Request,low,Reembolso pendiente después de una devolución,"La devolución fue aceptada, pero el estado del reembolso no cambia después de varios intentos.","Reembolso pendiente después de una devolución
La devolución fue aceptada, pero el estado del reembolso no cambia después de varios intentos.",pagos,solicitud,high,True,False,True,immediate_action,False,review,Traducción/adaptación manual al español; subject/body originales omitidos; gold rubricado con ticket-rubric-v1.,dev
hf-row-010948,Tobi-Bueck/customer-support-tickets,Customer Service,Request,medium,La respuesta recibida no coincide,La respuesta no coincide con lo que solicité y necesito una revisión del caso.,"La respuesta recibida no coincide
La respuesta no coincide con lo que solicité y necesito una revisión del caso.",atencion_cliente,reclamo,medium,True,False,False,clarification,False,review,Traducción/adaptación manual al español; subject/body originales omitidos; gold rubricado con ticket-rubric-v1.,dev
hf-row-002092,Tobi-Bueck/customer-support-tickets,General Inquiry,Request,medium,Pregunta sobre un proceso general,La descripción de un proceso general no indica con claridad qué área debe recibirla.,"Pregunta sobre un proceso general
La descripción de un proceso general no indica con claridad qué área debe recibirla.",otro,consulta,low,True,False,False,clarification,False,review,Traducción/adaptación manual al español; subject/body originales omitidos; gold rubricado con ticket-rubric-v1.,dev
hf-row-002758,Tobi-Bueck/customer-support-tickets,Human Resources,Incident,medium,Solicitud de información sobre políticas,Pido información sobre una política de personas antes de continuar con una gestión.,"Solicitud de información sobre políticas
Pido información sobre una política de personas antes de continuar con una gestión.",rrhh,consulta,low,True,False,False,clarification,False,review,Traducción/adaptación manual al español; subject/body originales omitidos; gold rubricado con ticket-rubric-v1.,dev
hf-row-005075,Tobi-Bueck/customer-support-tickets,IT Support,Change,high,Solicito restablecer un permiso,Pido revisar y restablecer un permiso de un entorno de demostración.,"Solicito restablecer un permiso
Pido revisar y restablecer un permiso de un entorno de demostración.",seguridad,solicitud,medium,True,True,False,clarification,False,review,Traducción/adaptación manual al español; subject/body originales omitidos; gold rubricado con ticket-rubric-v1.,dev
hf-row-013455,Tobi-Bueck/customer-support-tickets,Product Support,Request,medium,Los datos de un reporte no coinciden,El contenido de un reporte no coincide con la información esperada.,"Los datos de un reporte no coinciden
El contenido de un reporte no coincide con la información esperada.",tecnologia,incidencia,high,True,False,False,clarification,True,review,Traducción/adaptación manual al español; subject/body originales omitidos; gold rubricado con ticket-rubric-v1.,dev
hf-row-005687,Tobi-Bueck/customer-support-tickets,Returns and Exchanges,Incident,low,Faltó un componente,El paquete no incluye un componente y solicito completar la entrega.,"Faltó un componente
El paquete no incluye un componente y solicito completar la entrega.",logistica,reclamo,medium,True,False,True,clarification,False,review,Traducción/adaptación manual al español; subject/body originales omitidos; gold rubricado con ticket-rubric-v1.,dev
hf-row-015088,Tobi-Bueck/customer-support-tickets,Sales and Pre-Sales,Incident,low,Necesito comparar dos opciones,Quisiera comparar dos opciones antes de tomar una decisión.,"Necesito comparar dos opciones
Quisiera comparar dos opciones antes de tomar una decisión.",ventas,consulta,medium,False,False,False,standard_action,False,accept,Traducción/adaptación manual al español; subject/body originales omitidos; gold rubricado con ticket-rubric-v1.,dev
hf-row-019914,Tobi-Bueck/customer-support-tickets,Service Outages and Maintenance,Request,high,Sistema no disponible para varios usuarios,Varias personas no pueden usar el sistema desde hace un tiempo.,"Sistema no disponible para varios usuarios
Varias personas no pueden usar el sistema desde hace un tiempo.",tecnologia,incidencia,high,True,False,False,immediate_action,True,review,Traducción/adaptación manual al español; subject/body originales omitidos; gold rubricado con ticket-rubric-v1.,dev
hf-row-012245,Tobi-Bueck/customer-support-tickets,Technical Support,Request,medium,La aplicación se cierra inesperadamente,La aplicación se cierra inesperadamente al abrir un módulo.,"La aplicación se cierra inesperadamente
La aplicación se cierra inesperadamente al abrir un módulo.",tecnologia,incidencia,high,True,False,False,immediate_action,True,review,Traducción/adaptación manual al español; subject/body originales omitidos; gold rubricado con ticket-rubric-v1.,dev
hf-row-008377,Tobi-Bueck/customer-support-tickets,Billing and Payments,Request,medium,La cantidad facturada no coincide,El importe de la factura no coincide con el detalle de la compra y necesito una revisión.,"La cantidad facturada no coincide
El importe de la factura no coincide con el detalle de la compra y necesito una revisión.",pagos,incidencia,medium,False,False,False,standard_action,False,accept,Traducción/adaptación manual al español; subject/body originales omitidos; gold rubricado con ticket-rubric-v1.,dev
hf-row-001219,Tobi-Bueck/customer-support-tickets,Customer Service,Request,medium,Sugerencia para mejorar la atención,La atención fue clara; comparto una sugerencia para explicar mejor el siguiente paso.,"Sugerencia para mejorar la atención
La atención fue clara; comparto una sugerencia para explicar mejor el siguiente paso.",atencion_cliente,retroalimentacion,low,False,False,False,standard_action,False,accept,Traducción/adaptación manual al español; subject/body originales omitidos; gold rubricado con ticket-rubric-v1.,dev
hf-row-007288,Tobi-Bueck/customer-support-tickets,General Inquiry,Incident,high,Necesito orientación sobre una herramienta,Quisiera entender las opciones de una herramienta antes de elegir una.,"Necesito orientación sobre una herramienta
Quisiera entender las opciones de una herramienta antes de elegir una.",otro,consulta,medium,True,False,False,clarification,False,review,Traducción/adaptación manual al español; subject/body originales omitidos; gold rubricado con ticket-rubric-v1.,dev
hf-row-000568,Tobi-Bueck/customer-support-tickets,Human Resources,Request,medium,Necesito confirmar responsable de una gestión,No está claro qué responsable debe revisar una gestión de personas.,"Necesito confirmar responsable de una gestión
No está claro qué responsable debe revisar una gestión de personas.",rrhh,consulta,low,True,False,False,clarification,False,review,Traducción/adaptación manual al español; subject/body originales omitidos; gold rubricado con ticket-rubric-v1.,dev
hf-row-017579,Tobi-Bueck/customer-support-tickets,IT Support,Problem,medium,Integración no sincroniza,La integración deja de sincronizar después de guardar un cambio.,"Integración no sincroniza
La integración deja de sincronizar después de guardar un cambio.",tecnologia,incidencia,medium,False,False,False,standard_action,True,accept,Traducción/adaptación manual al español; subject/body originales omitidos; gold rubricado con ticket-rubric-v1.,dev
hf-row-010959,Tobi-Bueck/customer-support-tickets,Product Support,Incident,low,Cómo configurar una opción,No está claro cómo configurar una opción del producto.,"Cómo configurar una opción
No está claro cómo configurar una opción del producto.",tecnologia,consulta,low,True,False,False,clarification,False,review,Traducción/adaptación manual al español; subject/body originales omitidos; gold rubricado con ticket-rubric-v1.,dev
hf-row-003874,Tobi-Bueck/customer-support-tickets,Returns and Exchanges,Incident,medium,Quiero cambiar un artículo,Solicito cambiar un artículo por otro del mismo tipo.,"Quiero cambiar un artículo
Solicito cambiar un artículo por otro del mismo tipo.",logistica,solicitud,low,False,False,True,standard_action,False,accept,Traducción/adaptación manual al español; subject/body originales omitidos; gold rubricado con ticket-rubric-v1.,dev
hf-row-001680,Tobi-Bueck/customer-support-tickets,Sales and Pre-Sales,Request,low,Solicito una propuesta comercial,Pido preparar una propuesta comercial con el alcance indicado.,"Solicito una propuesta comercial
Pido preparar una propuesta comercial con el alcance indicado.",ventas,solicitud,medium,False,False,False,standard_action,False,accept,Traducción/adaptación manual al español; subject/body originales omitidos; gold rubricado con ticket-rubric-v1.,dev
hf-row-008967,Tobi-Bueck/customer-support-tickets,Service Outages and Maintenance,Incident,medium,Caída intermitente,El sistema funciona de forma intermitente y algunas funciones no responden.,"Caída intermitente
El sistema funciona de forma intermitente y algunas funciones no responden.",tecnologia,incidencia,medium,False,False,False,standard_action,True,accept,Traducción/adaptación manual al español; subject/body originales omitidos; gold rubricado con ticket-rubric-v1.,dev
hf-row-016870,Tobi-Bueck/customer-support-tickets,Technical Support,Incident,high,Error en la exportación,La exportación falla después de seleccionar un periodo.,"Error en la exportación
La exportación falla después de seleccionar un periodo.",tecnologia,incidencia,medium,False,False,False,standard_action,True,accept,Traducción/adaptación manual al español; subject/body originales omitidos; gold rubricado con ticket-rubric-v1.,dev
hf-row-003651,Tobi-Bueck/customer-support-tickets,Billing and Payments,Problem,medium,Necesito actualizar datos de facturación,Solicito corregir un dato administrativo de la próxima factura antes de emitirla.,"Necesito actualizar datos de facturación
Solicito corregir un dato administrativo de la próxima factura antes de emitirla.",pagos,solicitud,low,False,False,False,standard_action,False,accept,Traducción/adaptación manual al español; subject/body originales omitidos; gold rubricado con ticket-rubric-v1.,dev
hf-row-018527,Tobi-Bueck/customer-support-tickets,Customer Service,Incident,medium,No encontré la información solicitada,La información disponible no aclara el siguiente paso y pido orientación.,"No encontré la información solicitada
La información disponible no aclara el siguiente paso y pido orientación.",atencion_cliente,consulta,low,True,False,False,clarification,False,review,Traducción/adaptación manual al español; subject/body originales omitidos; gold rubricado con ticket-rubric-v1.,dev
hf-row-001711,Tobi-Bueck/customer-support-tickets,General Inquiry,Change,medium,Consulta sobre una configuración disponible,¿Qué opciones de configuración están disponibles para este proceso?,"Consulta sobre una configuración disponible
¿Qué opciones de configuración están disponibles para este proceso?",tecnologia,consulta,low,False,False,False,standard_action,False,accept,Traducción/adaptación manual al español; subject/body originales omitidos; gold rubricado con ticket-rubric-v1.,dev
hf-row-000220,Tobi-Bueck/customer-support-tickets,Human Resources,Change,low,Orientación para nuevo colaborador,Solicito orientación sobre el proceso de incorporación de una nueva persona.,"Orientación para nuevo colaborador
Solicito orientación sobre el proceso de incorporación de una nueva persona.",rrhh,solicitud,low,True,False,False,clarification,False,review,Traducción/adaptación manual al español; subject/body originales omitidos; gold rubricado con ticket-rubric-v1.,dev
hf-row-014412,Tobi-Bueck/customer-support-tickets,IT Support,Change,high,El sistema responde lentamente,Una función del sistema tarda demasiado y afecta el trabajo diario.,"El sistema responde lentamente
Una función del sistema tarda demasiado y afecta el trabajo diario.",tecnologia,incidencia,medium,False,False,False,standard_action,True,accept,Traducción/adaptación manual al español; subject/body originales omitidos; gold rubricado con ticket-rubric-v1.,dev
hf-row-006170,Tobi-Bueck/customer-support-tickets,Product Support,Request,low,Solicito habilitar una función,Pido habilitar una función que está disponible en la configuración.,"Solicito habilitar una función
Pido habilitar una función que está disponible en la configuración.",tecnologia,solicitud,low,False,False,False,standard_action,False,accept,Traducción/adaptación manual al español; subject/body originales omitidos; gold rubricado con ticket-rubric-v1.,dev
hf-row-009719,Tobi-Bueck/customer-support-tickets,Returns and Exchanges,Problem,high,El seguimiento no muestra el envío,El seguimiento no muestra el envío después de la fecha prevista.,"El seguimiento no muestra el envío
El seguimiento no muestra el envío después de la fecha prevista.",logistica,incidencia,medium,False,False,False,standard_action,False,accept,Traducción/adaptación manual al español; subject/body originales omitidos; gold rubricado con ticket-rubric-v1.,dev
hf-row-012694,Tobi-Bueck/customer-support-tickets,Sales and Pre-Sales,Request,low,Pregunta sobre condiciones de una promoción,¿Qué condiciones aplican a una promoción disponible?,"Pregunta sobre condiciones de una promoción
¿Qué condiciones aplican a una promoción disponible?",ventas,consulta,low,False,False,False,standard_action,False,accept,Traducción/adaptación manual al español; subject/body originales omitidos; gold rubricado con ticket-rubric-v1.,dev
hf-row-008358,Tobi-Bueck/customer-support-tickets,Service Outages and Maintenance,Change,high,Incidente de rendimiento,El rendimiento del sistema se deterioró y afecta el trabajo diario.,"Incidente de rendimiento
El rendimiento del sistema se deterioró y afecta el trabajo diario.",tecnologia,incidencia,high,True,False,False,immediate_action,True,review,Traducción/adaptación manual al español; subject/body originales omitidos; gold rubricado con ticket-rubric-v1.,dev
hf-row-007049,Tobi-Bueck/customer-support-tickets,Technical Support,Incident,high,Sincronización detenida,La sincronización se detuvo y los cambios no llegan al destino esperado.,"Sincronización detenida
La sincronización se detuvo y los cambios no llegan al destino esperado.",tecnologia,incidencia,high,False,False,False,immediate_action,True,review,Traducción/adaptación manual al español; subject/body originales omitidos; gold rubricado con ticket-rubric-v1.,dev
hf-row-010918,Tobi-Bueck/customer-support-tickets,Billing and Payments,Change,medium,Cargo adicional no reconocido,Aparece un cargo adicional que no reconozco y solicito una revisión del cobro.,"Cargo adicional no reconocido
Aparece un cargo adicional que no reconozco y solicito una revisión del cobro.",pagos,reclamo,high,True,False,True,immediate_action,False,review,Traducción/adaptación manual al español; subject/body originales omitidos; gold rubricado con ticket-rubric-v1.,holdout
hf-row-009481,Tobi-Bueck/customer-support-tickets,Customer Service,Incident,low,Necesito confirmar una cita,Solicito confirmar una cita de atención; todavía no está claro qué datos hacen falta.,"Necesito confirmar una cita
Solicito confirmar una cita de atención; todavía no está claro qué datos hacen falta.",atencion_cliente,solicitud,medium,True,False,False,clarification,False,review,Traducción/adaptación manual al español; subject/body originales omitidos; gold rubricado con ticket-rubric-v1.,holdout
hf-row-018939,Tobi-Bueck/customer-support-tickets,General Inquiry,Incident,low,Información sobre un reporte,Solicito información sobre cómo preparar un reporte y qué datos requiere.,"Información sobre un reporte
Solicito información sobre cómo preparar un reporte y qué datos requiere.",tecnologia,consulta,low,False,False,False,standard_action,False,accept,Traducción/adaptación manual al español; subject/body originales omitidos; gold rubricado con ticket-rubric-v1.,holdout
hf-row-019797,Tobi-Bueck/customer-support-tickets,Human Resources,Request,low,Duda sobre una etapa de contratación,La documentación no aclara una etapa del proceso de contratación.,"Duda sobre una etapa de contratación
La documentación no aclara una etapa del proceso de contratación.",rrhh,consulta,low,True,False,False,clarification,False,review,Traducción/adaptación manual al español; subject/body originales omitidos; gold rubricado con ticket-rubric-v1.,holdout
hf-row-000897,Tobi-Bueck/customer-support-tickets,IT Support,Incident,high,Acceso no autorizado detectado,Detecté un acceso no autorizado y necesito una revisión de seguridad hoy.,"Acceso no autorizado detectado
Detecté un acceso no autorizado y necesito una revisión de seguridad hoy.",seguridad,incidencia,critical,True,True,False,immediate_action,False,review,Traducción/adaptación manual al español; subject/body originales omitidos; gold rubricado con ticket-rubric-v1.,holdout
hf-row-004271,Tobi-Bueck/customer-support-tickets,Product Support,Problem,high,Problema de rendimiento,El producto tarda más de lo normal al completar una operación.,"Problema de rendimiento
El producto tarda más de lo normal al completar una operación.",tecnologia,incidencia,high,True,False,False,clarification,True,review,Traducción/adaptación manual al español; subject/body originales omitidos; gold rubricado con ticket-rubric-v1.,holdout
hf-row-011651,Tobi-Bueck/customer-support-tickets,Returns and Exchanges,Change,medium,Solicito un reemplazo,Pido recibir un reemplazo por un producto que no está en condiciones de uso.,"Solicito un reemplazo
Pido recibir un reemplazo por un producto que no está en condiciones de uso.",logistica,solicitud,medium,False,False,True,standard_action,False,accept,Traducción/adaptación manual al español; subject/body originales omitidos; gold rubricado con ticket-rubric-v1.,holdout
hf-row-005283,Tobi-Bueck/customer-support-tickets,Sales and Pre-Sales,Problem,medium,Presupuesto para una nueva compra,Solicito un presupuesto para planificar una nueva compra.,"Presupuesto para una nueva compra
Solicito un presupuesto para planificar una nueva compra.",ventas,solicitud,low,False,False,False,standard_action,False,accept,Traducción/adaptación manual al español; subject/body originales omitidos; gold rubricado con ticket-rubric-v1.,holdout
hf-row-005509,Tobi-Bueck/customer-support-tickets,Service Outages and Maintenance,Incident,high,Aviso de mantenimiento,Pido confirmar si una actualización afecta el uso del servicio.,"Aviso de mantenimiento
Pido confirmar si una actualización afecta el uso del servicio.",atencion_cliente,consulta,low,False,False,False,standard_action,False,accept,Traducción/adaptación manual al español; subject/body originales omitidos; gold rubricado con ticket-rubric-v1.,holdout
hf-row-005663,Tobi-Bueck/customer-support-tickets,Technical Support,Incident,high,Consulta de compatibilidad,Pregunto si una configuración es compatible antes de conectarla.,"Consulta de compatibilidad
Pregunto si una configuración es compatible antes de conectarla.",tecnologia,consulta,low,False,False,False,standard_action,False,accept,Traducción/adaptación manual al español; subject/body originales omitidos; gold rubricado con ticket-rubric-v1.,holdout
hf-row-006348,Tobi-Bueck/customer-support-tickets,Billing and Payments,Problem,medium,Pregunta sobre una factura de suscripción,¿Qué concepto corresponde al próximo cobro de una suscripción ya contratada?,"Pregunta sobre una factura de suscripción
¿Qué concepto corresponde al próximo cobro de una suscripción ya contratada?",pagos,consulta,low,False,False,False,standard_action,False,accept,Traducción/adaptación manual al español; subject/body originales omitidos; gold rubricado con ticket-rubric-v1.,holdout
hf-row-007560,Tobi-Bueck/customer-support-tickets,Customer Service,Request,medium,Agradezco la ayuda recibida,El proceso fue sencillo y la respuesta llegó a tiempo; comparto un agradecimiento.,"Agradezco la ayuda recibida
El proceso fue sencillo y la respuesta llegó a tiempo; comparto un agradecimiento.",atencion_cliente,retroalimentacion,low,False,False,False,standard_action,False,accept,Traducción/adaptación manual al español; subject/body originales omitidos; gold rubricado con ticket-rubric-v1.,holdout
hf-row-007256,Tobi-Bueck/customer-support-tickets,General Inquiry,Incident,high,Solicitud de actualización de información,Pido actualizar la información de un reporte antes de compartirlo.,"Solicitud de actualización de información
Pido actualizar la información de un reporte antes de compartirlo.",tecnologia,solicitud,medium,False,False,False,standard_action,False,accept,Traducción/adaptación manual al español; subject/body originales omitidos; gold rubricado con ticket-rubric-v1.,holdout
hf-row-001877,Tobi-Bueck/customer-support-tickets,Human Resources,Incident,low,Revisión de requisitos de un proceso,Solicito revisar los requisitos de un proceso antes de enviar una solicitud.,"Revisión de requisitos de un proceso
Solicito revisar los requisitos de un proceso antes de enviar una solicitud.",rrhh,solicitud,medium,True,False,False,clarification,False,review,Traducción/adaptación manual al español; subject/body originales omitidos; gold rubricado con ticket-rubric-v1.,holdout
hf-row-005268,Tobi-Bueck/customer-support-tickets,IT Support,Request,medium,Validar un cambio de configuración,Solicito validar un cambio de configuración antes de aplicarlo.,"Validar un cambio de configuración
Solicito validar un cambio de configuración antes de aplicarlo.",tecnologia,solicitud,low,False,False,False,standard_action,False,accept,Traducción/adaptación manual al español; subject/body originales omitidos; gold rubricado con ticket-rubric-v1.,holdout
hf-row-002582,Tobi-Bueck/customer-support-tickets,Product Support,Request,high,Consulta sobre una opción de producto,Quisiera entender qué hace una opción antes de solicitarla.,"Consulta sobre una opción de producto
Quisiera entender qué hace una opción antes de solicitarla.",ventas,consulta,low,False,False,False,standard_action,False,accept,Traducción/adaptación manual al español; subject/body originales omitidos; gold rubricado con ticket-rubric-v1.,holdout
hf-row-008871,Tobi-Bueck/customer-support-tickets,Returns and Exchanges,Change,medium,Cancelación y devolución,Solicito cancelar una operación y recibir la devolución correspondiente.,"Cancelación y devolución
Solicito cancelar una operación y recibir la devolución correspondiente.",pagos,solicitud,high,True,False,True,immediate_action,False,review,Traducción/adaptación manual al español; subject/body originales omitidos; gold rubricado con ticket-rubric-v1.,holdout
hf-row-006056,Tobi-Bueck/customer-support-tickets,Sales and Pre-Sales,Change,low,La propuesta no refleja el alcance,La propuesta no incluye el alcance solicitado y necesito una revisión.,"La propuesta no refleja el alcance
La propuesta no incluye el alcance solicitado y necesito una revisión.",ventas,reclamo,medium,True,False,False,clarification,False,review,Traducción/adaptación manual al español; subject/body originales omitidos; gold rubricado con ticket-rubric-v1.,holdout
hf-row-007325,Tobi-Bueck/customer-support-tickets,Service Outages and Maintenance,Incident,high,El servicio se recupera lentamente,"Después de una interrupción, el servicio responde muy lentamente.","El servicio se recupera lentamente
Después de una interrupción, el servicio responde muy lentamente.",tecnologia,incidencia,medium,True,False,False,clarification,True,review,Traducción/adaptación manual al español; subject/body originales omitidos; gold rubricado con ticket-rubric-v1.,holdout
hf-row-008759,Tobi-Bueck/customer-support-tickets,Technical Support,Change,high,Solicito registros para diagnóstico,Pido los registros disponibles para diagnosticar un fallo de integración.,"Solicito registros para diagnóstico
Pido los registros disponibles para diagnosticar un fallo de integración.",tecnologia,solicitud,medium,False,False,False,standard_action,True,accept,Traducción/adaptación manual al español; subject/body originales omitidos; gold rubricado con ticket-rubric-v1.,holdout
hf-row-004856,Tobi-Bueck/customer-support-tickets,Billing and Payments,Incident,medium,Error al generar una factura,El sistema muestra un error al generar la factura después de confirmar los datos.,"Error al generar una factura
El sistema muestra un error al generar la factura después de confirmar los datos.",pagos,incidencia,medium,False,False,False,standard_action,True,accept,Traducción/adaptación manual al español; subject/body originales omitidos; gold rubricado con ticket-rubric-v1.,holdout
hf-row-007621,Tobi-Bueck/customer-support-tickets,Customer Service,Request,medium,Solicito corregir un dato de contacto,Necesito corregir un dato administrativo asociado con mi solicitud.,"Solicito corregir un dato de contacto
Necesito corregir un dato administrativo asociado con mi solicitud.",atencion_cliente,solicitud,low,False,False,False,standard_action,False,accept,Traducción/adaptación manual al español; subject/body originales omitidos; gold rubricado con ticket-rubric-v1.,holdout
hf-row-018371,Tobi-Bueck/customer-support-tickets,General Inquiry,Incident,low,Pregunta sobre una opción de servicio,¿Cuál es la opción de servicio adecuada para una consulta general?,"Pregunta sobre una opción de servicio
¿Cuál es la opción de servicio adecuada para una consulta general?",atencion_cliente,consulta,low,False,False,False,standard_action,False,accept,Traducción/adaptación manual al español; subject/body originales omitidos; gold rubricado con ticket-rubric-v1.,holdout
hf-row-000443,Tobi-Bueck/customer-support-tickets,Human Resources,Problem,low,Pregunta sobre una herramienta de colaboración,¿Qué información necesito para consultar una herramienta de colaboración?,"Pregunta sobre una herramienta de colaboración
¿Qué información necesito para consultar una herramienta de colaboración?",rrhh,consulta,low,False,False,False,standard_action,False,accept,Traducción/adaptación manual al español; subject/body originales omitidos; gold rubricado con ticket-rubric-v1.,holdout
hf-row-009438,Tobi-Bueck/customer-support-tickets,IT Support,Incident,medium,Falla al exportar un reporte,La exportación de un reporte muestra un error después de seleccionar el periodo.,"Falla al exportar un reporte
La exportación de un reporte muestra un error después de seleccionar el periodo.",tecnologia,incidencia,medium,False,False,False,standard_action,True,accept,Traducción/adaptación manual al español; subject/body originales omitidos; gold rubricado con ticket-rubric-v1.,holdout
hf-row-005615,Tobi-Bueck/customer-support-tickets,Product Support,Incident,medium,Error al guardar una preferencia,Al guardar una preferencia aparece un mensaje de error.,"Error al guardar una preferencia
Al guardar una preferencia aparece un mensaje de error.",tecnologia,incidencia,medium,False,False,False,standard_action,True,accept,Traducción/adaptación manual al español; subject/body originales omitidos; gold rubricado con ticket-rubric-v1.,holdout
hf-row-018193,Tobi-Bueck/customer-support-tickets,Returns and Exchanges,Request,high,El producto no corresponde al pedido,El producto recibido no corresponde a lo indicado en el pedido.,"El producto no corresponde al pedido
El producto recibido no corresponde a lo indicado en el pedido.",logistica,reclamo,high,True,False,True,immediate_action,False,review,Traducción/adaptación manual al español; subject/body originales omitidos; gold rubricado con ticket-rubric-v1.,holdout
hf-row-007411,Tobi-Bueck/customer-support-tickets,Sales and Pre-Sales,Incident,medium,Información de venta sin compromiso,Solicito información comercial sin comprometer una compra.,"Información de venta sin compromiso
Solicito información comercial sin comprometer una compra.",ventas,consulta,low,False,False,False,standard_action,False,accept,Traducción/adaptación manual al español; subject/body originales omitidos; gold rubricado con ticket-rubric-v1.,holdout
hf-row-007643,Tobi-Bueck/customer-support-tickets,Service Outages and Maintenance,Problem,high,Error repetido en el entorno,Un error se repite en el entorno después de intentar la acción indicada.,"Error repetido en el entorno
Un error se repite en el entorno después de intentar la acción indicada.",tecnologia,incidencia,high,False,False,False,immediate_action,True,review,Traducción/adaptación manual al español; subject/body originales omitidos; gold rubricado con ticket-rubric-v1.,holdout
hf-row-017119,Tobi-Bueck/customer-support-tickets,Technical Support,Incident,medium,Problema de rendimiento en un flujo,Un flujo tarda más de lo esperado y afecta la revisión de datos.,"Problema de rendimiento en un flujo
Un flujo tarda más de lo esperado y afecta la revisión de datos.",tecnologia,incidencia,high,True,False,False,clarification,True,review,Traducción/adaptación manual al español; subject/body originales omitidos; gold rubricado con ticket-rubric-v1.,holdout
hf-row-012461,Tobi-Bueck/customer-support-tickets,Billing and Payments,Request,medium,Solicito revisar un cobro duplicado,Pido comprobar un cobro que aparece dos veces y devolver sólo el cargo repetido.,"Solicito revisar un cobro duplicado
Pido comprobar un cobro que aparece dos veces y devolver sólo el cargo repetido.",pagos,solicitud,high,False,False,True,standard_action,False,accept,Traducción/adaptación manual al español; subject/body originales omitidos; gold rubricado con ticket-rubric-v1.,holdout
hf-row-017267,Tobi-Bueck/customer-support-tickets,Customer Service,Incident,low,El seguimiento quedó sin respuesta,Presenté una solicitud y no recibí una respuesta; solicito continuar el seguimiento.,"El seguimiento quedó sin respuesta
Presenté una solicitud y no recibí una respuesta; solicito continuar el seguimiento.",atencion_cliente,reclamo,high,True,False,False,immediate_action,False,review,Traducción/adaptación manual al español; subject/body originales omitidos; gold rubricado con ticket-rubric-v1.,holdout
hf-row-003643,Tobi-Bueck/customer-support-tickets,General Inquiry,Request,low,Duda sobre un procedimiento,No tengo claro qué procedimiento sigue después de una solicitud.,"Duda sobre un procedimiento
No tengo claro qué procedimiento sigue después de una solicitud.",otro,consulta,low,True,False,False,no_action,False,review,Traducción/adaptación manual al español; subject/body originales omitidos; gold rubricado con ticket-rubric-v1.,holdout
hf-row-005823,Tobi-Bueck/customer-support-tickets,Human Resources,Incident,low,Explicación de un proceso de personas,Necesito una explicación más clara de una etapa del proceso de personas.,"Explicación de un proceso de personas
Necesito una explicación más clara de una etapa del proceso de personas.",rrhh,consulta,low,True,False,False,clarification,False,review,Traducción/adaptación manual al español; subject/body originales omitidos; gold rubricado con ticket-rubric-v1.,holdout
hf-row-013168,Tobi-Bueck/customer-support-tickets,IT Support,Incident,high,Acceso que necesita revisión,Una alerta indica que un acceso requiere revisión antes de continuar.,"Acceso que necesita revisión
Una alerta indica que un acceso requiere revisión antes de continuar.",seguridad,solicitud,high,True,True,False,immediate_action,False,review,Traducción/adaptación manual al español; subject/body originales omitidos; gold rubricado con ticket-rubric-v1.,holdout
hf-row-016016,Tobi-Bueck/customer-support-tickets,Product Support,Change,medium,Orientación sobre una actualización,Pido orientación sobre los pasos de una actualización.,"Orientación sobre una actualización
Pido orientación sobre los pasos de una actualización.",tecnologia,consulta,low,True,False,False,clarification,False,review,Traducción/adaptación manual al español; subject/body originales omitidos; gold rubricado con ticket-rubric-v1.,holdout
hf-row-015611,Tobi-Bueck/customer-support-tickets,Returns and Exchanges,Change,medium,Consulta sobre una devolución,¿Cuál es el siguiente paso para solicitar una devolución?,"Consulta sobre una devolución
¿Cuál es el siguiente paso para solicitar una devolución?",logistica,consulta,low,False,False,True,standard_action,False,accept,Traducción/adaptación manual al español; subject/body originales omitidos; gold rubricado con ticket-rubric-v1.,holdout
hf-row-004520,Tobi-Bueck/customer-support-tickets,Sales and Pre-Sales,Incident,medium,Revisar condiciones comerciales,Pido revisar las condiciones comerciales antes de avanzar.,"Revisar condiciones comerciales
Pido revisar las condiciones comerciales antes de avanzar.",ventas,solicitud,medium,True,False,False,clarification,False,review,Traducción/adaptación manual al español; subject/body originales omitidos; gold rubricado con ticket-rubric-v1.,holdout
hf-row-015442,Tobi-Bueck/customer-support-tickets,Service Outages and Maintenance,Incident,high,Necesito tiempo de recuperación,Pido información sobre el tiempo estimado de recuperación.,"Necesito tiempo de recuperación
Pido información sobre el tiempo estimado de recuperación.",tecnologia,consulta,low,True,False,False,clarification,False,review,Traducción/adaptación manual al español; subject/body originales omitidos; gold rubricado con ticket-rubric-v1.,holdout
hf-row-013955,Tobi-Bueck/customer-support-tickets,Technical Support,Incident,high,Solicito ayuda para configurar una integración,Necesito ayuda para configurar una integración; falta confirmar un parámetro.,"Solicito ayuda para configurar una integración
Necesito ayuda para configurar una integración; falta confirmar un parámetro.",tecnologia,solicitud,low,True,False,False,clarification,False,review,Traducción/adaptación manual al español; subject/body originales omitidos; gold rubricado con ticket-rubric-v1.,holdout
hf-row-005250,Tobi-Bueck/customer-support-tickets,Billing and Payments,Request,high,No entiendo un concepto de la factura,La factura incluye un concepto que no puedo identificar y solicito orientación.,"No entiendo un concepto de la factura
La factura incluye un concepto que no puedo identificar y solicito orientación.",pagos,consulta,low,False,False,False,clarification,False,review,Traducción/adaptación manual al español; subject/body originales omitidos; gold rubricado con ticket-rubric-v1.,holdout
hf-row-014751,Tobi-Bueck/customer-support-tickets,Customer Service,Request,low,Pregunta por una comunicación enviada,Quiero confirmar qué información se incluye en una comunicación ya enviada.,"Pregunta por una comunicación enviada
Quiero confirmar qué información se incluye en una comunicación ya enviada.",atencion_cliente,consulta,low,False,False,False,standard_action,False,accept,Traducción/adaptación manual al español; subject/body originales omitidos; gold rubricado con ticket-rubric-v1.,holdout
hf-row-005906,Tobi-Bueck/customer-support-tickets,General Inquiry,Incident,high,Solicito orientación antes de continuar,Pido una orientación general antes de tomar el siguiente paso.,"Solicito orientación antes de continuar
Pido una orientación general antes de tomar el siguiente paso.",otro,solicitud,low,True,False,False,clarification,False,review,Traducción/adaptación manual al español; subject/body originales omitidos; gold rubricado con ticket-rubric-v1.,holdout
hf-row-003840,Tobi-Bueck/customer-support-tickets,Human Resources,Incident,low,Confirmación de un requisito,Solicito confirmar un requisito antes de avanzar con una gestión.,"Confirmación de un requisito
Solicito confirmar un requisito antes de avanzar con una gestión.",rrhh,solicitud,low,True,False,False,clarification,False,review,Traducción/adaptación manual al español; subject/body originales omitidos; gold rubricado con ticket-rubric-v1.,holdout
hf-row-016736,Tobi-Bueck/customer-support-tickets,IT Support,Request,high,Servicio de TI no disponible,El servicio de TI no está disponible para varios usuarios desde hace un tiempo.,"Servicio de TI no disponible
El servicio de TI no está disponible para varios usuarios desde hace un tiempo.",tecnologia,incidencia,high,True,False,False,immediate_action,True,review,Traducción/adaptación manual al español; subject/body originales omitidos; gold rubricado con ticket-rubric-v1.,holdout
hf-row-009578,Tobi-Bueck/customer-support-tickets,Product Support,Incident,high,Comportamiento inesperado,El producto presenta un comportamiento que no coincide con la descripción.,"Comportamiento inesperado
El producto presenta un comportamiento que no coincide con la descripción.",tecnologia,incidencia,medium,False,False,False,standard_action,True,accept,Traducción/adaptación manual al español; subject/body originales omitidos; gold rubricado con ticket-rubric-v1.,holdout
hf-row-014171,Tobi-Bueck/customer-support-tickets,Returns and Exchanges,Problem,medium,Intercambio de un artículo,Solicito intercambiar un artículo por otro de características equivalentes.,"Intercambio de un artículo
Solicito intercambiar un artículo por otro de características equivalentes.",logistica,solicitud,medium,False,False,True,standard_action,False,accept,Traducción/adaptación manual al español; subject/body originales omitidos; gold rubricado con ticket-rubric-v1.,holdout
hf-row-019865,Tobi-Bueck/customer-support-tickets,Sales and Pre-Sales,Request,medium,Recomendación para una compra,Necesito una recomendación para comparar una compra con otra opción.,"Recomendación para una compra
Necesito una recomendación para comparar una compra con otra opción.",ventas,consulta,low,False,False,False,standard_action,False,accept,Traducción/adaptación manual al español; subject/body originales omitidos; gold rubricado con ticket-rubric-v1.,holdout
hf-row-017090,Tobi-Bueck/customer-support-tickets,Service Outages and Maintenance,Request,high,Monitoreo muestra una alerta,El monitoreo muestra una alerta y necesito el siguiente paso.,"Monitoreo muestra una alerta
El monitoreo muestra una alerta y necesito el siguiente paso.",tecnologia,incidencia,medium,False,False,False,standard_action,True,accept,Traducción/adaptación manual al español; subject/body originales omitidos; gold rubricado con ticket-rubric-v1.,holdout
hf-row-011486,Tobi-Bueck/customer-support-tickets,Technical Support,Problem,medium,Un flujo no termina correctamente,El flujo se detiene antes de completar y no se observa un mensaje claro.,"Un flujo no termina correctamente
El flujo se detiene antes de completar y no se observa un mensaje claro.",tecnologia,incidencia,medium,False,False,False,standard_action,True,accept,Traducción/adaptación manual al español; subject/body originales omitidos; gold rubricado con ticket-rubric-v1.,holdout
